<?xml version="1.0" encoding="utf-8"?> 
<ScriptureViewSettings> 
  <EditMode>PartiallyEditableText</EditMode> 
  <UseMarkerPopup>false</UseMarkerPopup> 
  <AllowsAnnotations>false</AllowsAnnotations> 
  <AllowsInsertComments>false</AllowsInsertComments> 
  <AllowsInsertNotes>false</AllowsInsertNotes> 
  <AllowsBackslash>false</AllowsBackslash> 
  <AllowsEnter>false</AllowsEnter> 
  <AllowsUsfmInsert>false</AllowsUsfmInsert> 
  <StyleDropdownEnabled>false</StyleDropdownEnabled> 
  <DisplayOrder>500</DisplayOrder> 
</ScriptureViewSettings> 
